{
  "source_checkpoint": "runs/single_split_locked_checkpoint/checkpoints/resume_best.pth",
  "locked_checkpoint": "checkpoints/final_macro_micro_locked_auc07116_anonymous.pth",
  "epoch": 9,
  "val_metrics": {
    "accuracy": 0.7272727272727273,
    "precision": 0.8,
    "recall": 0.5925925925925926,
    "f1_score": 0.6808510638297872,
    "auc": 0.7116402116402116,
    "sensitivity": 0.5925925925925926,
    "specificity": 0.8571428571428571,
    "balanced_accuracy": 0.7248677248677249,
    "mcc": 0.46737878934398275,
    "confusion_matrix": [
      [
        24,
        4
      ],
      [
        11,
        16
      ]
    ],
    "roc_curve": {
      "fpr": [
        0.0,
        0.0,
        0.03571428571428571,
        0.03571428571428571,
        0.07142857142857142,
        0.07142857142857142,
        0.10714285714285714,
        0.10714285714285714,
        0.14285714285714285,
        0.14285714285714285,
        0.21428571428571427,
        0.21428571428571427,
        0.2857142857142857,
        0.2857142857142857,
        0.5,
        0.5,
        0.6428571428571429,
        0.6428571428571429,
        0.6785714285714286,
        0.6785714285714286,
        0.7857142857142857,
        0.7857142857142857,
        0.8214285714285714,
        0.8214285714285714,
        0.8928571428571429,
        0.8928571428571429,
        1.0
      ],
      "tpr": [
        0.0,
        0.037037037037037035,
        0.037037037037037035,
        0.14814814814814814,
        0.14814814814814814,
        0.4074074074074074,
        0.4074074074074074,
        0.5555555555555556,
        0.5555555555555556,
        0.5925925925925926,
        0.5925925925925926,
        0.6296296296296297,
        0.6296296296296297,
        0.6666666666666666,
        0.6666666666666666,
        0.7777777777777778,
        0.7777777777777778,
        0.8148148148148148,
        0.8148148148148148,
        0.8518518518518519,
        0.8518518518518519,
        0.9259259259259259,
        0.9259259259259259,
        0.9629629629629629,
        0.9629629629629629,
        1.0,
        1.0
      ]
    },
    "classification_report": {
      "low_density": {
        "precision": 0.6857142857142857,
        "recall": 0.8571428571428571,
        "f1-score": 0.7619047619047619,
        "support": 28.0
      },
      "high_density": {
        "precision": 0.8,
        "recall": 0.5925925925925926,
        "f1-score": 0.6808510638297872,
        "support": 27.0
      },
      "accuracy": 0.7272727272727273,
      "macro avg": {
        "precision": 0.7428571428571429,
        "recall": 0.7248677248677249,
        "f1-score": 0.7213779128672746,
        "support": 55.0
      },
      "weighted avg": {
        "precision": 0.7418181818181818,
        "recall": 0.7272727272727273,
        "f1-score": 0.7221147646679561,
        "support": 55.0
      }
    },
    "sample_stats": {
      "total": 55,
      "class_distribution": [
        28,
        27
      ]
    }
  }
}
